{
  "metrics/precision(B)": 0.898260092154159,
  "metrics/recall(B)": 0.7902490540108029,
  "metrics/mAP50(B)": 0.8982375090538119,
  "metrics/mAP50-95(B)": 0.620218021749259,
  "fitness": 0.6480199704797143,
  "speed": {
    "preprocess": 0.6934068141839442,
    "inference": 27.24623374449901,
    "loss": 0.02373793186285557,
    "postprocess": 8.297116328508425
  }
}